<?xml version="1.0" encoding="utf-8"?>
<!-- Generated by PRONEXUS WORKS -->
<link:linkbase xmlns:link="http://www.xbrl.org/2003/linkbase" xmlns:xsi="http://www.w3.org/2001/XMLSchema-instance" xmlns:xbrli="http://www.xbrl.org/2003/instance" xmlns:xlink="http://www.w3.org/1999/xlink">
  <link:roleRef xlink:type="simple" roleURI="http://disclosure.edinet-fsa.go.jp/role/jppfs/rol_YearToQuarterEndConsolidatedStatementOfComprehensiveIncome" xlink:href="http://disclosure.edinet-fsa.go.jp/taxonomy/jppfs/2018-02-28/jppfs_rt_2018-02-28.xsd#rol_YearToQuarterEndConsolidatedStatementOfComprehensiveIncome" />
  <link:roleRef xlink:type="simple" roleURI="http://disclosure.edinet-fsa.go.jp/role/jppfs/rol_YearToQuarterEndConsolidatedStatementOfIncome" xlink:href="http://disclosure.edinet-fsa.go.jp/taxonomy/jppfs/2018-02-28/jppfs_rt_2018-02-28.xsd#rol_YearToQuarterEndConsolidatedStatementOfIncome" />
  <link:roleRef xlink:type="simple" roleURI="http://disclosure.edinet-fsa.go.jp/role/jppfs/rol_QuarterlyConsolidatedBalanceSheet" xlink:href="http://disclosure.edinet-fsa.go.jp/taxonomy/jppfs/2018-02-28/jppfs_rt_2018-02-28.xsd#rol_QuarterlyConsolidatedBalanceSheet" />
  <link:calculationLink xlink:type="extended" xlink:role="http://disclosure.edinet-fsa.go.jp/role/jppfs/rol_QuarterlyConsolidatedBalanceSheet">
    <link:loc xlink:type="locator" xlink:href="http://disclosure.edinet-fsa.go.jp/taxonomy/jppfs/2018-02-28/jppfs_cor_2018-02-28.xsd#jppfs_cor_Assets" xlink:label="Assets" />
    <link:loc xlink:type="locator" xlink:href="http://disclosure.edinet-fsa.go.jp/taxonomy/jppfs/2018-02-28/jppfs_cor_2018-02-28.xsd#jppfs_cor_CurrentAssets" xlink:label="CurrentAssets_2" />
    <link:calculationArc xlink:type="arc" weight="1" xlink:arcrole="http://www.xbrl.org/2003/arcrole/summation-item" xlink:from="Assets" xlink:to="CurrentAssets_2" order="1.0" />
    <link:loc xlink:type="locator" xlink:href="http://disclosure.edinet-fsa.go.jp/taxonomy/jppfs/2018-02-28/jppfs_cor_2018-02-28.xsd#jppfs_cor_CurrentAssets" xlink:label="CurrentAssets" />
    <link:loc xlink:type="locator" xlink:href="http://disclosure.edinet-fsa.go.jp/taxonomy/jppfs/2018-02-28/jppfs_cor_2018-02-28.xsd#jppfs_cor_CashAndDeposits" xlink:label="CashAndDeposits" />
    <link:calculationArc xlink:type="arc" weight="1" xlink:arcrole="http://www.xbrl.org/2003/arcrole/summation-item" xlink:from="CurrentAssets" xlink:to="CashAndDeposits" order="1.0" />
    <link:loc xlink:type="locator" xlink:href="http://disclosure.edinet-fsa.go.jp/taxonomy/jppfs/2018-02-28/jppfs_cor_2018-02-28.xsd#jppfs_cor_AccountsReceivableTrade" xlink:label="AccountsReceivableTrade" />
    <link:calculationArc xlink:type="arc" weight="1" xlink:arcrole="http://www.xbrl.org/2003/arcrole/summation-item" xlink:from="CurrentAssets" xlink:to="AccountsReceivableTrade" order="3.98828125" />
    <link:loc xlink:type="locator" xlink:href="http://disclosure.edinet-fsa.go.jp/taxonomy/jppfs/2018-02-28/jppfs_cor_2018-02-28.xsd#jppfs_cor_Merchandise" xlink:label="Merchandise" />
    <link:calculationArc xlink:type="arc" weight="1" xlink:arcrole="http://www.xbrl.org/2003/arcrole/summation-item" xlink:from="CurrentAssets" xlink:to="Merchandise" order="6.994140625" />
    <link:loc xlink:type="locator" xlink:href="http://disclosure.edinet-fsa.go.jp/taxonomy/jppfs/2018-02-28/jppfs_cor_2018-02-28.xsd#jppfs_cor_OtherCA" xlink:label="OtherCA" />
    <link:calculationArc xlink:type="arc" weight="1" xlink:arcrole="http://www.xbrl.org/2003/arcrole/summation-item" xlink:from="CurrentAssets" xlink:to="OtherCA" order="10.0" />
    <link:loc xlink:type="locator" xlink:href="http://disclosure.edinet-fsa.go.jp/taxonomy/jppfs/2018-02-28/jppfs_cor_2018-02-28.xsd#jppfs_cor_NoncurrentAssets" xlink:label="NoncurrentAssets_2" />
    <link:calculationArc xlink:type="arc" weight="1" xlink:arcrole="http://www.xbrl.org/2003/arcrole/summation-item" xlink:from="Assets" xlink:to="NoncurrentAssets_2" order="2.0" />
    <link:loc xlink:type="locator" xlink:href="http://disclosure.edinet-fsa.go.jp/taxonomy/jppfs/2018-02-28/jppfs_cor_2018-02-28.xsd#jppfs_cor_NoncurrentAssets" xlink:label="NoncurrentAssets" />
    <link:loc xlink:type="locator" xlink:href="http://disclosure.edinet-fsa.go.jp/taxonomy/jppfs/2018-02-28/jppfs_cor_2018-02-28.xsd#jppfs_cor_PropertyPlantAndEquipment" xlink:label="PropertyPlantAndEquipment" />
    <link:calculationArc xlink:type="arc" weight="1" xlink:arcrole="http://www.xbrl.org/2003/arcrole/summation-item" xlink:from="NoncurrentAssets" xlink:to="PropertyPlantAndEquipment" order="1.0" />
    <link:loc xlink:type="locator" xlink:href="http://disclosure.edinet-fsa.go.jp/taxonomy/jppfs/2018-02-28/jppfs_cor_2018-02-28.xsd#jppfs_cor_IntangibleAssets" xlink:label="IntangibleAssets" />
    <link:calculationArc xlink:type="arc" weight="1" xlink:arcrole="http://www.xbrl.org/2003/arcrole/summation-item" xlink:from="NoncurrentAssets" xlink:to="IntangibleAssets" order="3.0" />
    <link:loc xlink:type="locator" xlink:href="http://disclosure.edinet-fsa.go.jp/taxonomy/jppfs/2018-02-28/jppfs_cor_2018-02-28.xsd#jppfs_cor_InvestmentsAndOtherAssets" xlink:label="InvestmentsAndOtherAssets" />
    <link:calculationArc xlink:type="arc" weight="1" xlink:arcrole="http://www.xbrl.org/2003/arcrole/summation-item" xlink:from="NoncurrentAssets" xlink:to="InvestmentsAndOtherAssets" order="4.0" />
    <link:loc xlink:type="locator" xlink:href="http://disclosure.edinet-fsa.go.jp/taxonomy/jppfs/2018-02-28/jppfs_cor_2018-02-28.xsd#jppfs_cor_LiabilitiesAndNetAssets" xlink:label="LiabilitiesAndNetAssets" />
    <link:loc xlink:type="locator" xlink:href="http://disclosure.edinet-fsa.go.jp/taxonomy/jppfs/2018-02-28/jppfs_cor_2018-02-28.xsd#jppfs_cor_Liabilities" xlink:label="Liabilities_2" />
    <link:calculationArc xlink:type="arc" weight="1" xlink:arcrole="http://www.xbrl.org/2003/arcrole/summation-item" xlink:from="LiabilitiesAndNetAssets" xlink:to="Liabilities_2" order="1.0" />
    <link:loc xlink:type="locator" xlink:href="http://disclosure.edinet-fsa.go.jp/taxonomy/jppfs/2018-02-28/jppfs_cor_2018-02-28.xsd#jppfs_cor_Liabilities" xlink:label="Liabilities" />
    <link:loc xlink:type="locator" xlink:href="http://disclosure.edinet-fsa.go.jp/taxonomy/jppfs/2018-02-28/jppfs_cor_2018-02-28.xsd#jppfs_cor_CurrentLiabilities" xlink:label="CurrentLiabilities_2" />
    <link:calculationArc xlink:type="arc" weight="1" xlink:arcrole="http://www.xbrl.org/2003/arcrole/summation-item" xlink:from="Liabilities" xlink:to="CurrentLiabilities_2" order="1.0" />
    <link:loc xlink:type="locator" xlink:href="http://disclosure.edinet-fsa.go.jp/taxonomy/jppfs/2018-02-28/jppfs_cor_2018-02-28.xsd#jppfs_cor_CurrentLiabilities" xlink:label="CurrentLiabilities" />
    <link:loc xlink:type="locator" xlink:href="http://disclosure.edinet-fsa.go.jp/taxonomy/jppfs/2018-02-28/jppfs_cor_2018-02-28.xsd#jppfs_cor_IncomeTaxesPayable" xlink:label="IncomeTaxesPayable" />
    <link:calculationArc xlink:type="arc" weight="1" xlink:arcrole="http://www.xbrl.org/2003/arcrole/summation-item" xlink:from="CurrentLiabilities" xlink:to="IncomeTaxesPayable" order="3.0" />
    <link:loc xlink:type="locator" xlink:href="http://disclosure.edinet-fsa.go.jp/taxonomy/jppfs/2018-02-28/jppfs_cor_2018-02-28.xsd#jppfs_cor_AccountsPayableTrade" xlink:label="AccountsPayableTrade" />
    <link:calculationArc xlink:type="arc" weight="1" xlink:arcrole="http://www.xbrl.org/2003/arcrole/summation-item" xlink:from="CurrentLiabilities" xlink:to="AccountsPayableTrade" order="3.673828125" />
    <link:loc xlink:type="locator" xlink:href="http://disclosure.edinet-fsa.go.jp/taxonomy/jppfs/2018-02-28/jppfs_cor_2018-02-28.xsd#jppfs_cor_CurrentPortionOfLongTermLoansPayable" xlink:label="CurrentPortionOfLongTermLoansPayable" />
    <link:calculationArc xlink:type="arc" weight="1" xlink:arcrole="http://www.xbrl.org/2003/arcrole/summation-item" xlink:from="CurrentLiabilities" xlink:to="CurrentPortionOfLongTermLoansPayable" order="4.31103515625" />
    <link:loc xlink:type="locator" xlink:href="http://disclosure.edinet-fsa.go.jp/taxonomy/jppfs/2018-02-28/jppfs_cor_2018-02-28.xsd#jppfs_cor_ProvisionForBonuses" xlink:label="ProvisionForBonuses" />
    <link:calculationArc xlink:type="arc" weight="1" xlink:arcrole="http://www.xbrl.org/2003/arcrole/summation-item" xlink:from="CurrentLiabilities" xlink:to="ProvisionForBonuses" order="4.89257812500" />
    <link:loc xlink:type="locator" xlink:href="http://disclosure.edinet-fsa.go.jp/taxonomy/jppfs/2018-02-28/jppfs_cor_2018-02-28.xsd#jppfs_cor_ProvisionForPointCardCertificatesCL" xlink:label="ProvisionForPointCardCertificatesCL" />
    <link:calculationArc xlink:type="arc" weight="1" xlink:arcrole="http://www.xbrl.org/2003/arcrole/summation-item" xlink:from="CurrentLiabilities" xlink:to="ProvisionForPointCardCertificatesCL" order="5.44628906250" />
    <link:loc xlink:type="locator" xlink:href="http://disclosure.edinet-fsa.go.jp/taxonomy/jppfs/2018-02-28/jppfs_cor_2018-02-28.xsd#jppfs_cor_OtherCL" xlink:label="OtherCL" />
    <link:calculationArc xlink:type="arc" weight="1" xlink:arcrole="http://www.xbrl.org/2003/arcrole/summation-item" xlink:from="CurrentLiabilities" xlink:to="OtherCL" order="6.0" />
    <link:loc xlink:type="locator" xlink:href="http://disclosure.edinet-fsa.go.jp/taxonomy/jppfs/2018-02-28/jppfs_cor_2018-02-28.xsd#jppfs_cor_NoncurrentLiabilities" xlink:label="NoncurrentLiabilities_2" />
    <link:calculationArc xlink:type="arc" weight="1" xlink:arcrole="http://www.xbrl.org/2003/arcrole/summation-item" xlink:from="Liabilities" xlink:to="NoncurrentLiabilities_2" order="2.0" />
    <link:loc xlink:type="locator" xlink:href="http://disclosure.edinet-fsa.go.jp/taxonomy/jppfs/2018-02-28/jppfs_cor_2018-02-28.xsd#jppfs_cor_NoncurrentLiabilities" xlink:label="NoncurrentLiabilities" />
    <link:loc xlink:type="locator" xlink:href="http://disclosure.edinet-fsa.go.jp/taxonomy/jppfs/2018-02-28/jppfs_cor_2018-02-28.xsd#jppfs_cor_LongTermLoansPayable" xlink:label="LongTermLoansPayable" />
    <link:calculationArc xlink:type="arc" weight="1" xlink:arcrole="http://www.xbrl.org/2003/arcrole/summation-item" xlink:from="NoncurrentLiabilities" xlink:to="LongTermLoansPayable" order="2.0" />
    <link:loc xlink:type="locator" xlink:href="http://disclosure.edinet-fsa.go.jp/taxonomy/jppfs/2018-02-28/jppfs_cor_2018-02-28.xsd#jppfs_cor_NetDefinedBenefitLiability" xlink:label="NetDefinedBenefitLiability" />
    <link:calculationArc xlink:type="arc" weight="1" xlink:arcrole="http://www.xbrl.org/2003/arcrole/summation-item" xlink:from="NoncurrentLiabilities" xlink:to="NetDefinedBenefitLiability" order="4.0" />
    <link:loc xlink:type="locator" xlink:href="http://disclosure.edinet-fsa.go.jp/taxonomy/jppfs/2018-02-28/jppfs_cor_2018-02-28.xsd#jppfs_cor_AssetRetirementObligationsNCL" xlink:label="AssetRetirementObligationsNCL" />
    <link:calculationArc xlink:type="arc" weight="1" xlink:arcrole="http://www.xbrl.org/2003/arcrole/summation-item" xlink:from="NoncurrentLiabilities" xlink:to="AssetRetirementObligationsNCL" order="5.0" />
    <link:loc xlink:type="locator" xlink:href="http://disclosure.edinet-fsa.go.jp/taxonomy/jppfs/2018-02-28/jppfs_cor_2018-02-28.xsd#jppfs_cor_NetAssets" xlink:label="NetAssets_2" />
    <link:calculationArc xlink:type="arc" weight="1" xlink:arcrole="http://www.xbrl.org/2003/arcrole/summation-item" xlink:from="LiabilitiesAndNetAssets" xlink:to="NetAssets_2" order="2.0" />
    <link:loc xlink:type="locator" xlink:href="http://disclosure.edinet-fsa.go.jp/taxonomy/jppfs/2018-02-28/jppfs_cor_2018-02-28.xsd#jppfs_cor_NetAssets" xlink:label="NetAssets" />
    <link:loc xlink:type="locator" xlink:href="http://disclosure.edinet-fsa.go.jp/taxonomy/jppfs/2018-02-28/jppfs_cor_2018-02-28.xsd#jppfs_cor_ShareholdersEquity" xlink:label="ShareholdersEquity_2" />
    <link:calculationArc xlink:type="arc" weight="1" xlink:arcrole="http://www.xbrl.org/2003/arcrole/summation-item" xlink:from="NetAssets" xlink:to="ShareholdersEquity_2" order="1.0" />
    <link:loc xlink:type="locator" xlink:href="http://disclosure.edinet-fsa.go.jp/taxonomy/jppfs/2018-02-28/jppfs_cor_2018-02-28.xsd#jppfs_cor_ShareholdersEquity" xlink:label="ShareholdersEquity" />
    <link:loc xlink:type="locator" xlink:href="http://disclosure.edinet-fsa.go.jp/taxonomy/jppfs/2018-02-28/jppfs_cor_2018-02-28.xsd#jppfs_cor_CapitalStock" xlink:label="CapitalStock" />
    <link:calculationArc xlink:type="arc" weight="1" xlink:arcrole="http://www.xbrl.org/2003/arcrole/summation-item" xlink:from="ShareholdersEquity" xlink:to="CapitalStock" order="1.0" />
    <link:loc xlink:type="locator" xlink:href="http://disclosure.edinet-fsa.go.jp/taxonomy/jppfs/2018-02-28/jppfs_cor_2018-02-28.xsd#jppfs_cor_CapitalSurplus" xlink:label="CapitalSurplus" />
    <link:calculationArc xlink:type="arc" weight="1" xlink:arcrole="http://www.xbrl.org/2003/arcrole/summation-item" xlink:from="ShareholdersEquity" xlink:to="CapitalSurplus" order="3.0" />
    <link:loc xlink:type="locator" xlink:href="http://disclosure.edinet-fsa.go.jp/taxonomy/jppfs/2018-02-28/jppfs_cor_2018-02-28.xsd#jppfs_cor_RetainedEarnings" xlink:label="RetainedEarnings" />
    <link:calculationArc xlink:type="arc" weight="1" xlink:arcrole="http://www.xbrl.org/2003/arcrole/summation-item" xlink:from="ShareholdersEquity" xlink:to="RetainedEarnings" order="4.0" />
    <link:loc xlink:type="locator" xlink:href="http://disclosure.edinet-fsa.go.jp/taxonomy/jppfs/2018-02-28/jppfs_cor_2018-02-28.xsd#jppfs_cor_TreasuryStock" xlink:label="TreasuryStock" />
    <link:calculationArc xlink:type="arc" weight="1" xlink:arcrole="http://www.xbrl.org/2003/arcrole/summation-item" xlink:from="ShareholdersEquity" xlink:to="TreasuryStock" order="5.0" />
  </link:calculationLink>
  <link:calculationLink xlink:type="extended" xlink:role="http://disclosure.edinet-fsa.go.jp/role/jppfs/rol_YearToQuarterEndConsolidatedStatementOfIncome">
    <link:loc xlink:type="locator" xlink:href="http://disclosure.edinet-fsa.go.jp/taxonomy/jppfs/2018-02-28/jppfs_cor_2018-02-28.xsd#jppfs_cor_ProfitLoss" xlink:label="ProfitLoss" />
    <link:loc xlink:type="locator" xlink:href="http://disclosure.edinet-fsa.go.jp/taxonomy/jppfs/2018-02-28/jppfs_cor_2018-02-28.xsd#jppfs_cor_IncomeBeforeIncomeTaxes" xlink:label="IncomeBeforeIncomeTaxes_2" />
    <link:calculationArc xlink:type="arc" weight="1" xlink:arcrole="http://www.xbrl.org/2003/arcrole/summation-item" xlink:from="ProfitLoss" xlink:to="IncomeBeforeIncomeTaxes_2" order="1.0" />
    <link:loc xlink:type="locator" xlink:href="http://disclosure.edinet-fsa.go.jp/taxonomy/jppfs/2018-02-28/jppfs_cor_2018-02-28.xsd#jppfs_cor_IncomeBeforeIncomeTaxes" xlink:label="IncomeBeforeIncomeTaxes" />
    <link:loc xlink:type="locator" xlink:href="http://disclosure.edinet-fsa.go.jp/taxonomy/jppfs/2018-02-28/jppfs_cor_2018-02-28.xsd#jppfs_cor_OrdinaryIncome" xlink:label="OrdinaryIncome_2" />
    <link:calculationArc xlink:type="arc" weight="1" xlink:arcrole="http://www.xbrl.org/2003/arcrole/summation-item" xlink:from="IncomeBeforeIncomeTaxes" xlink:to="OrdinaryIncome_2" order="1.0" />
    <link:loc xlink:type="locator" xlink:href="http://disclosure.edinet-fsa.go.jp/taxonomy/jppfs/2018-02-28/jppfs_cor_2018-02-28.xsd#jppfs_cor_OrdinaryIncome" xlink:label="OrdinaryIncome" />
    <link:loc xlink:type="locator" xlink:href="http://disclosure.edinet-fsa.go.jp/taxonomy/jppfs/2018-02-28/jppfs_cor_2018-02-28.xsd#jppfs_cor_OperatingIncome" xlink:label="OperatingIncome_2" />
    <link:calculationArc xlink:type="arc" weight="1" xlink:arcrole="http://www.xbrl.org/2003/arcrole/summation-item" xlink:from="OrdinaryIncome" xlink:to="OperatingIncome_2" order="1.0" />
    <link:loc xlink:type="locator" xlink:href="http://disclosure.edinet-fsa.go.jp/taxonomy/jppfs/2018-02-28/jppfs_cor_2018-02-28.xsd#jppfs_cor_OperatingIncome" xlink:label="OperatingIncome" />
    <link:loc xlink:type="locator" xlink:href="http://disclosure.edinet-fsa.go.jp/taxonomy/jppfs/2018-02-28/jppfs_cor_2018-02-28.xsd#jppfs_cor_GrossProfit" xlink:label="GrossProfit_2" />
    <link:calculationArc xlink:type="arc" weight="1" xlink:arcrole="http://www.xbrl.org/2003/arcrole/summation-item" xlink:from="OperatingIncome" xlink:to="GrossProfit_2" order="1.0" />
    <link:loc xlink:type="locator" xlink:href="http://disclosure.edinet-fsa.go.jp/taxonomy/jppfs/2018-02-28/jppfs_cor_2018-02-28.xsd#jppfs_cor_GrossProfit" xlink:label="GrossProfit" />
    <link:loc xlink:type="locator" xlink:href="http://disclosure.edinet-fsa.go.jp/taxonomy/jppfs/2018-02-28/jppfs_cor_2018-02-28.xsd#jppfs_cor_NetSales" xlink:label="NetSales" />
    <link:calculationArc xlink:type="arc" weight="1" xlink:arcrole="http://www.xbrl.org/2003/arcrole/summation-item" xlink:from="GrossProfit" xlink:to="NetSales" order="1.0" />
    <link:loc xlink:type="locator" xlink:href="http://disclosure.edinet-fsa.go.jp/taxonomy/jppfs/2018-02-28/jppfs_cor_2018-02-28.xsd#jppfs_cor_CostOfSales" xlink:label="CostOfSales" />
    <link:calculationArc xlink:type="arc" weight="-1" xlink:arcrole="http://www.xbrl.org/2003/arcrole/summation-item" xlink:from="GrossProfit" xlink:to="CostOfSales" order="2.0" />
    <link:loc xlink:type="locator" xlink:href="http://disclosure.edinet-fsa.go.jp/taxonomy/jppfs/2018-02-28/jppfs_cor_2018-02-28.xsd#jppfs_cor_SellingGeneralAndAdministrativeExpenses" xlink:label="SellingGeneralAndAdministrativeExpenses_2" />
    <link:calculationArc xlink:type="arc" weight="-1" xlink:arcrole="http://www.xbrl.org/2003/arcrole/summation-item" xlink:from="OperatingIncome" xlink:to="SellingGeneralAndAdministrativeExpenses_2" order="2.0" />
    <link:loc xlink:type="locator" xlink:href="http://disclosure.edinet-fsa.go.jp/taxonomy/jppfs/2018-02-28/jppfs_cor_2018-02-28.xsd#jppfs_cor_SellingGeneralAndAdministrativeExpenses" xlink:label="SellingGeneralAndAdministrativeExpenses" />
    <link:loc xlink:type="locator" xlink:href="http://disclosure.edinet-fsa.go.jp/taxonomy/jppfs/2018-02-28/jppfs_cor_2018-02-28.xsd#jppfs_cor_PromotionExpensesSGA" xlink:label="PromotionExpensesSGA" />
    <link:calculationArc xlink:type="arc" weight="1" xlink:arcrole="http://www.xbrl.org/2003/arcrole/summation-item" xlink:from="SellingGeneralAndAdministrativeExpenses" xlink:to="PromotionExpensesSGA" order="3.625" />
    <link:loc xlink:type="locator" xlink:href="http://disclosure.edinet-fsa.go.jp/taxonomy/jppfs/2018-02-28/jppfs_cor_2018-02-28.xsd#jppfs_cor_ProvisionForPointCardCertificatesSGA" xlink:label="ProvisionForPointCardCertificatesSGA" />
    <link:calculationArc xlink:type="arc" weight="1" xlink:arcrole="http://www.xbrl.org/2003/arcrole/summation-item" xlink:from="SellingGeneralAndAdministrativeExpenses" xlink:to="ProvisionForPointCardCertificatesSGA" order="5.5625" />
    <link:loc xlink:type="locator" xlink:href="http://disclosure.edinet-fsa.go.jp/taxonomy/jppfs/2018-02-28/jppfs_cor_2018-02-28.xsd#jppfs_cor_CommissionFeeSGA" xlink:label="CommissionFeeSGA" />
    <link:calculationArc xlink:type="arc" weight="1" xlink:arcrole="http://www.xbrl.org/2003/arcrole/summation-item" xlink:from="SellingGeneralAndAdministrativeExpenses" xlink:to="CommissionFeeSGA" order="6.78125" />
    <link:loc xlink:type="locator" xlink:href="http://disclosure.edinet-fsa.go.jp/taxonomy/jppfs/2018-02-28/jppfs_cor_2018-02-28.xsd#jppfs_cor_OtherSGA" xlink:label="OtherSGA" />
    <link:calculationArc xlink:type="arc" weight="1" xlink:arcrole="http://www.xbrl.org/2003/arcrole/summation-item" xlink:from="SellingGeneralAndAdministrativeExpenses" xlink:to="OtherSGA" order="7.78125" />
    <link:loc xlink:type="locator" xlink:href="http://disclosure.edinet-fsa.go.jp/taxonomy/jppfs/2018-02-28/jppfs_cor_2018-02-28.xsd#jppfs_cor_NonOperatingIncome" xlink:label="NonOperatingIncome_2" />
    <link:calculationArc xlink:type="arc" weight="1" xlink:arcrole="http://www.xbrl.org/2003/arcrole/summation-item" xlink:from="OrdinaryIncome" xlink:to="NonOperatingIncome_2" order="2.0" />
    <link:loc xlink:type="locator" xlink:href="http://disclosure.edinet-fsa.go.jp/taxonomy/jppfs/2018-02-28/jppfs_cor_2018-02-28.xsd#jppfs_cor_NonOperatingIncome" xlink:label="NonOperatingIncome" />
    <link:loc xlink:type="locator" xlink:href="http://disclosure.edinet-fsa.go.jp/taxonomy/jppfs/2018-02-28/jppfs_cor_2018-02-28.xsd#jppfs_cor_HouseRentIncomeNOI" xlink:label="HouseRentIncomeNOI" />
    <link:calculationArc xlink:type="arc" weight="1" xlink:arcrole="http://www.xbrl.org/2003/arcrole/summation-item" xlink:from="NonOperatingIncome" xlink:to="HouseRentIncomeNOI" order="1.125" />
    <link:loc xlink:type="locator" xlink:href="http://disclosure.edinet-fsa.go.jp/taxonomy/jppfs/2018-02-28/jppfs_cor_2018-02-28.xsd#jppfs_cor_InsurancePremiumsRefundedCancellationNOI" xlink:label="InsurancePremiumsRefundedCancellationNOI" />
    <link:calculationArc xlink:type="arc" weight="1" xlink:arcrole="http://www.xbrl.org/2003/arcrole/summation-item" xlink:from="NonOperatingIncome" xlink:to="InsurancePremiumsRefundedCancellationNOI" order="1.9375" />
    <link:loc xlink:type="locator" xlink:href="http://disclosure.edinet-fsa.go.jp/taxonomy/jppfs/2018-02-28/jppfs_cor_2018-02-28.xsd#jppfs_cor_OtherNOI" xlink:label="OtherNOI" />
    <link:calculationArc xlink:type="arc" weight="1" xlink:arcrole="http://www.xbrl.org/2003/arcrole/summation-item" xlink:from="NonOperatingIncome" xlink:to="OtherNOI" order="2.9375" />
    <link:loc xlink:type="locator" xlink:href="http://disclosure.edinet-fsa.go.jp/taxonomy/jppfs/2018-02-28/jppfs_cor_2018-02-28.xsd#jppfs_cor_NonOperatingExpenses" xlink:label="NonOperatingExpenses_2" />
    <link:calculationArc xlink:type="arc" weight="-1" xlink:arcrole="http://www.xbrl.org/2003/arcrole/summation-item" xlink:from="OrdinaryIncome" xlink:to="NonOperatingExpenses_2" order="2.25" />
    <link:loc xlink:type="locator" xlink:href="http://disclosure.edinet-fsa.go.jp/taxonomy/jppfs/2018-02-28/jppfs_cor_2018-02-28.xsd#jppfs_cor_NonOperatingExpenses" xlink:label="NonOperatingExpenses" />
    <link:loc xlink:type="locator" xlink:href="http://disclosure.edinet-fsa.go.jp/taxonomy/jppfs/2018-02-28/jppfs_cor_2018-02-28.xsd#jppfs_cor_InterestExpensesNOE" xlink:label="InterestExpensesNOE" />
    <link:calculationArc xlink:type="arc" weight="1" xlink:arcrole="http://www.xbrl.org/2003/arcrole/summation-item" xlink:from="NonOperatingExpenses" xlink:to="InterestExpensesNOE" order="1.0" />
    <link:loc xlink:type="locator" xlink:href="http://disclosure.edinet-fsa.go.jp/taxonomy/jppfs/2018-02-28/jppfs_cor_2018-02-28.xsd#jppfs_cor_ExtraordinaryLoss" xlink:label="ExtraordinaryLoss_2" />
    <link:calculationArc xlink:type="arc" weight="-1" xlink:arcrole="http://www.xbrl.org/2003/arcrole/summation-item" xlink:from="IncomeBeforeIncomeTaxes" xlink:to="ExtraordinaryLoss_2" order="2.0" />
    <link:loc xlink:type="locator" xlink:href="http://disclosure.edinet-fsa.go.jp/taxonomy/jppfs/2018-02-28/jppfs_cor_2018-02-28.xsd#jppfs_cor_ExtraordinaryLoss" xlink:label="ExtraordinaryLoss" />
    <link:loc xlink:type="locator" xlink:href="http://disclosure.edinet-fsa.go.jp/taxonomy/jppfs/2018-02-28/jppfs_cor_2018-02-28.xsd#jppfs_cor_LossOnRetirementOfNoncurrentAssetsEL" xlink:label="LossOnRetirementOfNoncurrentAssetsEL" />
    <link:calculationArc xlink:type="arc" weight="1" xlink:arcrole="http://www.xbrl.org/2003/arcrole/summation-item" xlink:from="ExtraordinaryLoss" xlink:to="LossOnRetirementOfNoncurrentAssetsEL" order="1.0" />
    <link:loc xlink:type="locator" xlink:href="http://disclosure.edinet-fsa.go.jp/taxonomy/jppfs/2018-02-28/jppfs_cor_2018-02-28.xsd#jppfs_cor_IncomeTaxes" xlink:label="IncomeTaxes_2" />
    <link:calculationArc xlink:type="arc" weight="-1" xlink:arcrole="http://www.xbrl.org/2003/arcrole/summation-item" xlink:from="ProfitLoss" xlink:to="IncomeTaxes_2" order="2.0" />
    <link:loc xlink:type="locator" xlink:href="http://disclosure.edinet-fsa.go.jp/taxonomy/jppfs/2018-02-28/jppfs_cor_2018-02-28.xsd#jppfs_cor_IncomeTaxes" xlink:label="IncomeTaxes" />
    <link:loc xlink:type="locator" xlink:href="http://disclosure.edinet-fsa.go.jp/taxonomy/jppfs/2018-02-28/jppfs_cor_2018-02-28.xsd#jppfs_cor_IncomeTaxesCurrent" xlink:label="IncomeTaxesCurrent" />
    <link:calculationArc xlink:type="arc" weight="1" xlink:arcrole="http://www.xbrl.org/2003/arcrole/summation-item" xlink:from="IncomeTaxes" xlink:to="IncomeTaxesCurrent" order="1.0" />
    <link:loc xlink:type="locator" xlink:href="http://disclosure.edinet-fsa.go.jp/taxonomy/jppfs/2018-02-28/jppfs_cor_2018-02-28.xsd#jppfs_cor_IncomeTaxesDeferred" xlink:label="IncomeTaxesDeferred" />
    <link:calculationArc xlink:type="arc" weight="1" xlink:arcrole="http://www.xbrl.org/2003/arcrole/summation-item" xlink:from="IncomeTaxes" xlink:to="IncomeTaxesDeferred" order="2.0" />
  </link:calculationLink>
  <link:calculationLink xlink:type="extended" xlink:role="http://disclosure.edinet-fsa.go.jp/role/jppfs/rol_YearToQuarterEndConsolidatedStatementOfComprehensiveIncome">
    <link:loc xlink:type="locator" xlink:href="http://disclosure.edinet-fsa.go.jp/taxonomy/jppfs/2018-02-28/jppfs_cor_2018-02-28.xsd#jppfs_cor_ComprehensiveIncome" xlink:label="ComprehensiveIncome" />
    <link:loc xlink:type="locator" xlink:href="http://disclosure.edinet-fsa.go.jp/taxonomy/jppfs/2018-02-28/jppfs_cor_2018-02-28.xsd#jppfs_cor_ProfitLoss" xlink:label="ProfitLoss" />
    <link:calculationArc xlink:type="arc" weight="1" xlink:arcrole="http://www.xbrl.org/2003/arcrole/summation-item" xlink:from="ComprehensiveIncome" xlink:to="ProfitLoss" order="1.0" />
  </link:calculationLink>
</link:linkbase>