<?xml version="1.0" encoding="utf-8"?>
<!-- Generated by PRONEXUS WORKS -->
<link:linkbase xmlns:link="http://www.xbrl.org/2003/linkbase" xmlns:xsi="http://www.w3.org/2001/XMLSchema-instance" xmlns:xbrli="http://www.xbrl.org/2003/instance" xmlns:xlink="http://www.w3.org/1999/xlink">
  <link:labelLink xlink:type="extended" xlink:role="http://www.xbrl.org/2003/role/link">
    <link:loc xlink:type="locator" xlink:href="jpcrp040300-q3r-001_E32736-000_2019-11-30_01_2020-01-08.xsd#jpcrp040300-q3r_E32736-000_ManagementAnalysisOfFinancialPositionOperatingResultsAndCashFlowsHeading" xlink:label="ManagementAnalysisOfFinancialPositionOperatingResultsAndCashFlowsHeading" />
    <link:loc xlink:type="locator" xlink:href="jpcrp040300-q3r-001_E32736-000_2019-11-30_01_2020-01-08.xsd#jpcrp040300-q3r_E32736-000_ManagementAnalysisOfFinancialPositionOperatingResultsAndCashFlowsTextBlock" xlink:label="ManagementAnalysisOfFinancialPositionOperatingResultsAndCashFlowsTextBlock" />
    <link:loc xlink:type="locator" xlink:href="jpcrp040300-q3r-001_E32736-000_2019-11-30_01_2020-01-08.xsd#jpcrp040300-q3r_E32736-000_OtherInformationAboutShareAcquisitionRightsHeading" xlink:label="OtherInformationAboutShareAcquisitionRightsHeading" />
    <link:loc xlink:type="locator" xlink:href="jpcrp040300-q3r-001_E32736-000_2019-11-30_01_2020-01-08.xsd#jpcrp040300-q3r_E32736-000_OtherInformationAboutShareAcquisitionRightsNATextBlock" xlink:label="OtherInformationAboutShareAcquisitionRightsNATextBlock" />
    <link:label xlink:type="resource" xlink:label="label_ManagementAnalysisOfFinancialPositionOperatingResultsAndCashFlowsHeading" xml:lang="en" xlink:role="http://www.xbrl.org/2003/role/label" id="label_ManagementAnalysisOfFinancialPositionOperatingResultsAndCashFlowsHeading">Management analysis of financial position, operating results and cash flows</link:label>
    <link:labelArc xlink:type="arc" xlink:arcrole="http://www.xbrl.org/2003/arcrole/concept-label" xlink:from="ManagementAnalysisOfFinancialPositionOperatingResultsAndCashFlowsHeading" xlink:to="label_ManagementAnalysisOfFinancialPositionOperatingResultsAndCashFlowsHeading" />
    <link:label xlink:type="resource" xlink:label="label_ManagementAnalysisOfFinancialPositionOperatingResultsAndCashFlowsHeading_2" xml:lang="en" xlink:role="http://www.xbrl.org/2003/role/verboseLabel" id="label_ManagementAnalysisOfFinancialPositionOperatingResultsAndCashFlowsHeading_2">Management analysis of financial position, operating results and cash flows [heading]</link:label>
    <link:labelArc xlink:type="arc" xlink:arcrole="http://www.xbrl.org/2003/arcrole/concept-label" xlink:from="ManagementAnalysisOfFinancialPositionOperatingResultsAndCashFlowsHeading" xlink:to="label_ManagementAnalysisOfFinancialPositionOperatingResultsAndCashFlowsHeading_2" />
    <link:label xlink:type="resource" xlink:label="label_ManagementAnalysisOfFinancialPositionOperatingResultsAndCashFlowsTextBlock" xml:lang="en" xlink:role="http://www.xbrl.org/2003/role/label" id="label_ManagementAnalysisOfFinancialPositionOperatingResultsAndCashFlowsTextBlock">Management analysis of financial position, operating results and cash flows</link:label>
    <link:labelArc xlink:type="arc" xlink:arcrole="http://www.xbrl.org/2003/arcrole/concept-label" xlink:from="ManagementAnalysisOfFinancialPositionOperatingResultsAndCashFlowsTextBlock" xlink:to="label_ManagementAnalysisOfFinancialPositionOperatingResultsAndCashFlowsTextBlock" />
    <link:label xlink:type="resource" xlink:label="label_ManagementAnalysisOfFinancialPositionOperatingResultsAndCashFlowsTextBlock_2" xml:lang="en" xlink:role="http://www.xbrl.org/2003/role/verboseLabel" id="label_ManagementAnalysisOfFinancialPositionOperatingResultsAndCashFlowsTextBlock_2">Management analysis of financial position, operating results and cash flows [text block]</link:label>
    <link:labelArc xlink:type="arc" xlink:arcrole="http://www.xbrl.org/2003/arcrole/concept-label" xlink:from="ManagementAnalysisOfFinancialPositionOperatingResultsAndCashFlowsTextBlock" xlink:to="label_ManagementAnalysisOfFinancialPositionOperatingResultsAndCashFlowsTextBlock_2" />
    <link:label xlink:type="resource" xlink:label="label_OtherInformationAboutShareAcquisitionRightsHeading" xml:lang="en" xlink:role="http://www.xbrl.org/2003/role/label" id="label_OtherInformationAboutShareAcquisitionRightsHeading">Other information about share acquisition rights</link:label>
    <link:labelArc xlink:type="arc" xlink:arcrole="http://www.xbrl.org/2003/arcrole/concept-label" xlink:from="OtherInformationAboutShareAcquisitionRightsHeading" xlink:to="label_OtherInformationAboutShareAcquisitionRightsHeading" />
    <link:label xlink:type="resource" xlink:label="label_OtherInformationAboutShareAcquisitionRightsHeading_2" xml:lang="en" xlink:role="http://www.xbrl.org/2003/role/verboseLabel" id="label_OtherInformationAboutShareAcquisitionRightsHeading_2">Other information about share acquisition rights [heading]</link:label>
    <link:labelArc xlink:type="arc" xlink:arcrole="http://www.xbrl.org/2003/arcrole/concept-label" xlink:from="OtherInformationAboutShareAcquisitionRightsHeading" xlink:to="label_OtherInformationAboutShareAcquisitionRightsHeading_2" />
    <link:label xlink:type="resource" xlink:label="label_OtherInformationAboutShareAcquisitionRightsNATextBlock" xml:lang="en" xlink:role="http://www.xbrl.org/2003/role/label" id="label_OtherInformationAboutShareAcquisitionRightsNATextBlock">Other information about share acquisition rights (N/A)</link:label>
    <link:labelArc xlink:type="arc" xlink:arcrole="http://www.xbrl.org/2003/arcrole/concept-label" xlink:from="OtherInformationAboutShareAcquisitionRightsNATextBlock" xlink:to="label_OtherInformationAboutShareAcquisitionRightsNATextBlock" />
    <link:label xlink:type="resource" xlink:label="label_OtherInformationAboutShareAcquisitionRightsNATextBlock_2" xml:lang="en" xlink:role="http://www.xbrl.org/2003/role/verboseLabel" id="label_OtherInformationAboutShareAcquisitionRightsNATextBlock_2">Other information about share acquisition rights (N/A) [text block]</link:label>
    <link:labelArc xlink:type="arc" xlink:arcrole="http://www.xbrl.org/2003/arcrole/concept-label" xlink:from="OtherInformationAboutShareAcquisitionRightsNATextBlock" xlink:to="label_OtherInformationAboutShareAcquisitionRightsNATextBlock_2" />
  </link:labelLink>
</link:linkbase>